Customer_ID,Customer_Name,Address,Contact_number,Customer_email,Total_Orders,prefer_store_id
1,Fleming Rizzolo,5840 Lazy Shadow Field Decatur City CT 06970,9112975582,frizzolo0@redcross.org,734.10,6
2,Dermot MacCleay,5 Shady Timber Via Villas Plaza DC 20043,9785520985,dmaccleay1@oakley.com,992.05,5
3,Nickey Coltart,2041 Gentle Corner Rockbrook WV 26057,9701679493,ncoltart2@hp.com,1315.44,4
4,Yurik Teale,8933 Wishing Wagon Orchard Sirons Mill MA 02259,2697873605,yteale3@oakley.com,847.39,6
5,Truda Gearty,8707 Easy By,6569140072,tgearty4@indiatimes.com,579.76,6
6,Frayda Manna,850 Iron Turnabout Schultz GA 39944,4477579250,fmanna5@macromedia.com,0,6
7,Francisca Quest,1643 Lost Byway Ethlyn MN 55441,1074003082,fquest6@wired.com,166.32,2
8,Erina Manketell,4860 Thunder Route Folly Field MS 39149,9495776477,emanketell7@github.com,1467.02,5
9,Shermy Ebbles,6249 Dusty Moor Wainiha ND 58736,5574974036,sebbles8@bigcartel.com,278.05,1
10,Loralie Cass,43 Quiet Townline Anise OH 44545,8606457882,lcass9@nationalgeographic.com,824.68,4
11,Sarena De la Yglesia,5811 Misty Rabbit Campus Reeds Village NE 68751,9255590222,sdea@nps.gov,1407.60,2
12,Othella Logesdale,6723 Velvet Street Bullet Creek NC 27438,7434413721,ologesdaleb@buzzfeed.com,0,2
13,Alleen Kirkness,875 Heather Meadow Jarvis Landing CT 06307,2215402909,akirknessc@illinois.edu,365.06,2
14,Glenn Widocks,2327 Middle Valley Lake Summerset ID 83226,4484774030,gwidocksd@tripadvisor.com,0,2
15,Aubine Durek,5519 Quaking Willow Jetty Texroy MI 49571,2866490780,adureke@princeton.edu,468.96,5
16,Lynea Goldine,7864 Red Farms Salmon Creek DC 20027,8571084454,lgoldinef@ft.com,840.31,1
17,Shae Chaplyn,4321 Noble Treasure Circle Waterview Acres FL 33816,1713999563,schaplyng@state.gov,219.76,4
18,Chloris Bondley,4202 Fallen Hill Nantucket VA 23028,4778505745,cbondleyh@pen.io,906.54,3
19,Rriocard Tumasian,2846 Sunny Wynd Veribest MS 39113,6999312275,rtumasiani@fema.gov,284.66,1
20,Maura Minocchi,1417 Silver Loop Pine Grove Court RI 02921,2122821769,mminocchij@behance.net,251.83,5
21,Kerk Kermit,9506 Merry Rise Crest West Gorham CA 92352,7992150310,kkermitk@artisteer.com,753.92,6
22,Whitaker Adamolli,7056 Umber Abbey Dilley SC 29803,4984090518,wadamollil@cbc.ca,718.83,3
23,Octavia Willshear,4775 Sleepy Manor Trees IL 62371,4616140386,owillshearm@networksolutions.com,630.79,5
24,Jaquenetta Britto,7877 Amber Bluff Lookout Erieville MS 38767,2344725657,jbritton@arizona.edu,337.46,6
25,Atalanta Catteroll,5859 Blue Rise Glebe Heights HI 96870,7147475545,acatterollo@unc.edu,668.54,1
26,Shell Cullagh,9958 Cozy Pony Promenade Elkdale GA 39945,5152276598,scullaghp@hatena.ne.jp,993.13,3
27,Humfrey Garrals,8130 Grand Deer Passage Leota CA 92423,3035731994,hgarralsq@mit.edu,0,4
28,Cleve Such,4252 Harvest Autumn Gardens Fall Creek DC 20064,3031987700,csuchr@unesco.org,652.35,3
29,Locke Phillip,6396 Little Chase Houston Mobile Home Park DE 19793,8329293154,lphillips@163.com,722.36,6
30,Barbi Causton,4184 Honey Walk South Hoisington IA 51717,9476211121,bcaustont@ox.ac.uk,316.75,1
31,Marcia Woodbridge,9663 High Pioneer Inlet Potomac Crest NJ 07525,2565622301,mwoodbridgeu@amazon.de,857.27,2
32,Kinna Popplestone,3273 Round End Tyrone MI 49876,6227590960,kpopplestonev@mtv.com,0,5
33,Merrielle Mattusevich,9916 Hazy Spring Carrefour Hisega SC 29161,8887832870,mmattusevichw@google.com.br,191.38,1
34,Zerk Martusewicz,346 Rustic Centre Altona UT 84205,7039142623,zmartusewiczx@stanford.edu,587.06,5
35,Bertrand Wallege,611 Golden Link Lympus NE 68018,4943284514,bwallegey@photobucket.com,501.11,6
36,Maxie Morford,4316 Clear Ledge Magill MN 55267,1991063937,mmorfordz@wp.com,329.62,4
37,Lamar Faustin,4029 Green Wharf Baldwin SC 29816,2489460302,lfaustin10@devhub.com,425.15,6
38,Leroy Dohmer,1267 Foggy Anchor View Copland MD 21144,8757119083,ldohmer11@comcast.net,545.24,5
39,Cheslie Kerwen,3289 Dewy Mall  Flournoy NC 28092,6686799726,ckerwen12@pcworld.com,1410.06,2
40,Arney Cucuzza,9828 Hidden Avenue Mckinnon CT 06908,4467788741,acucuzza13@networksolutions.com,726.93,1
41,Chantalle Mateus,7064 Broad Autoroute Irvin Cobb Resort UT 84777,9659415580,cmateus14@icio.us,1112.21,6
42,Lynne Fitzgerald,818 Rocky Private Watson Chapel ID 83856,7483353722,lfitzgerald15@webnode.com,0,3
43,Benton Mollett,6468 Colonial Lagoon Ridge Fairfield MI 48021,9283138827,bmollett16@mapquest.com,268.94,3
44,Annmarie Petti,4199 Cinder Lake Drive Double Ford UT 84518,9276379681,apetti17@irs.gov,0,5
45,Chantalle Janas,1649 Pleasant Grove Harding SD 57592,6596957869,cjanas18@behance.net,468.21,6
46,Antonin Fenlon,4779 Cotton Cape Shadehill NJ 07328,6778295269,afenlon19@soundcloud.com,669.93,4
47,Darice Dominelli,432 Silent Fox Glen Rainbow Hills NE 69286,9687380657,ddominelli1a@canalblog.com,0,4
48,Bili Falk,5296 Old Expressway Glenwood RI 02858,6469006985,bfalk1b@hibu.com,1169.49,2
49,Gaston Lomen,5527 Bright Hills Island Caesar NM 87173,3916226300,glomen1c@is.gd,1216.58,4
50,Jasmina Flowith,3110 Tawny Park Dunn Brook IL 61812,5162729153,jflowith1d@blog.com,1046.67,1
51,Roselle Larcier,3645 Velvet Log End Windward VA 23964,5479215550,rlarcier1e@redcross.org,1056.24,2
52,Francoise Machan,1886 Cinder Spring Close Smith Grove VT 05838,9525190417,fmachan1f@cam.ac.uk,0,4
53,Huey Dalrymple,1834 Red Cove Peconic DC 20034,1441301958,hdalrymple1g@wikia.com,0,6
54,Tony Scarborough,8404 Dewy Acres Washington Springs NY 14207,5733005290,tscarborough1h@vk.com,0,3
55,Arny Narup,9246 Emerald Isle Derita GA 39970,2263145774,anarup1i@fastcompany.com,621.43,4
56,Marchelle Hellier,7309 Quiet Grounds Ragtown OK 74801,3622217726,mhellier1j@slate.com,1242.99,1
57,Orville Stanesby,7892 Bright Mall  Goodmans Corner IA 50611,6916821692,ostanesby1k@nydailynews.com,1483.18,5
58,Jesus Rogan,833 Indian Place Corinth Corner NH 03592,4182567831,jrogan1l@i2i.jp,1093.85,3
59,Brigitte Racine,3167 Cozy Nook Oquinn KY 41651,8669033793,bracine1m@bigcartel.com,1069.86,6
60,Maisie Karpol,4879 Lazy Run Harvey WV 25684,1625248326,mkarpol1n@wikia.com,1069.68,1
61,Nikolos Heugel,1891 Iron Pioneer Quay Fernleaf NY 11760,4525235442,nheugel1o@tripod.com,633.46,5
62,Bud Chellam,197 Broad Pond Bend Browns Shop NJ 07956,8832412170,bchellam1p@trellian.com,624.84,4
63,Lainey State,3434 Misty Pathway Richardson WA 98358,3967805661,lstate1q@princeton.edu,664.33,4
64,Rockey Spurriar,6231 Tawny Wagon Hollow Rodman MA 01349,4655967415,rspurriar1r@yahoo.co.jp,817.40,3
65,Alvin Fundell,5172 Round Island Meadow Linton UT 84930,9516536743,afundell1s@nature.com,961.81,4
66,Keri Godridge,4046 Cotton Willow Promenade Lisha Kill NE 69102,2276287034,kgodridge1t@mashable.com,185.45,4
67,Kendal Biesterfeld,1317 Heather Valley Mcgregor GA 39940,5147103837,kbiesterfeld1u@wordpress.org,1534.83,4
68,Donna Scud,1314 Rustic Hill Cedar Landing OK 73166,4562354801,dscud1v@posterous.com,578.48,6
69,Alikee Jedrzejczak,1507 Crystal Woods Roe Landing MD 20821,6935674371,ajedrzejczak1w@alexa.com,914.26,5
70,Kristyn Feldbaum,8254 Umber Highlands Fleming Crossroad MD 21859,5133570147,kfeldbaum1x@ox.ac.uk,706.60,3
71,Vale Whillock,6091 Dusty Diversion Foley NH 03668,7465242924,vwhillock1y@umich.edu,835.33,1
72,Joice Popeley,6319 Gentle Circle Newburg AL 35630,8951574868,jpopeley1z@pinterest.com,712.58,4
73,Gwynne Elmhirst,5146 Colonial Towers Ramsey MO 63141,5539451392,gelmhirst20@xinhuanet.com,1135.73,5
74,Camilla Swapp,2141 Foggy Alley West Valley AZ 85131,6521282594,cswapp21@erecht24.de,510.15,4
75,Hamlin Benitez,8116 Sleepy Dale Ledge Elkin NV 89566,1367524159,hbenitez22@wikispaces.com,0,1
76,Obie Tytcomb,1285 Lost Butterfly Maze Mount Evergreen MD 21095,6132480434,otytcomb23@sun.com,253.25,5
77,Cheri Calbrathe,1908 Stony Fawn Gardens Deerfield NM 88092,9527934740,ccalbrathe24@themeforest.net,670.91,6
78,Diahann Lockhart,3291 Little Falls Allendorph RI 02984,2628061509,dlockhart25@admin.ch,704.14,5
79,Eddy Pandie,8434 Silent Mount Palo LA 70259,9495944439,epandie26@house.gov,0,5
80,Tobe Kilius,1344 Noble Cider Green Carters Plains WV 25770,2071526452,tkilius27@washingtonpost.com,0,3
81,Spense Yarrow,3172 High Carrefour Ashland MS 39761,9266899682,syarrow28@weather.com,284.91,2
82,Robers Eilhersen,2425 Fallen Blossom Cape Massapeag GA 39859,3004163787,reilhersen29@independent.co.uk,1302.99,2
83,Grier Fonso,1322 Silver Orchard Waves Landing MN 55117,9936580133,gfonso2a@canalblog.com,0,1
84,Loise McCray,7639 Pleasant Apple Circuit Black Forest SC 29863,8546311141,lmccray2b@eventbrite.com,281.43,4
85,Brianne Basterfield,3457 Old Forest Vale Bellflower NE 68839,5458162667,bbasterfield2c@washingtonpost.com,0,6
86,Graeme Rothman,3581 Jagged Stead Beaver Island DC 20056,6294183337,grothman2d@eepurl.com,390.73,2
87,Farlay Pace,1457 Thunder Leaf Landing Chestnut Point LA 71480,5749677277,fpace2e@ycombinator.com,0,6
88,Alysia Dwyer,3531 Grand Bear Square Acton NC 27565,5765900692,adwyer2f@unc.edu,889.60,2
89,Irv Attlee,7051 Easy Horse Key Concord AK 99562,6049186968,iattlee2g@angelfire.com,1246.39,2
90,Ilaire Saintpierre,4915 Rocky Crescent Lime Kiln OR 97689,4587018419,isaintpierre2h@illinois.edu,0,1
91,Jolie Forlonge,2693 Harvest Campus Sheffield NV 89321,9721873565,jforlonge2i@listmanage.com,950.75,5
92,Maddie Greensitt,5175 Golden Creek Via Pleasant Valley KS 66663,4812958882,mgreensitt2j@joomla.org,883.00,4
93,Cherry Loache,7679 Burning Branch Way Riceville NY 11603,1923218844,cloache2k@illinois.edu,764.43,2
94,Des Lumsdall,9941 Amber Route Orander Park NY 14720,4335504403,dlumsdall2l@state.gov,511.79,4
95,Papagena Lepere,7988 Wishing Lake Front Goodale Corner MI 49503,2037714931,plepere2m@telegraph.co.uk,1181.68,3
96,Sansone Toogood,9721 Merry Road Redd OR 97065,5127672940,stoogood2n@ftc.gov,1776.53,4
97,Fanni Organ,6675 Shady Terrace Country Club Ridge NC 27522,2644791982,forgan2o@discuz.net,557.30,6
98,Murial Scutter,5649 Hidden Round White Corners MI 48217,9042449687,mscutter2p@google.ca,1004.14,6
99,Theressa Cavilla,5884 Blue Gate Walk Wilksburg OH 43385,3382577734,tcavilla2q@tuttocitta.it,1285.08,4
100,Stefa Nerney,825 Clear Beach Gentrys Mill WV 24775,9417654697,snerney2r@dmoz.org,1637.16,4
101,Gerhard Howsley,4576 Iron Grove Abbey Estrella WI 53340,6027560630,ghowsley2s@fema.gov,539.24,1
102,Cherise Soot,4959 Dewy Barn Field Daylight OR 97752,5039012501,csoot2t@apache.org,577.91,1
103,Cecilla Naptin,559 Hidden Port Lake Ellen DE 19810,3226722967,cnaptin2u@dmoz.org,1253.38,6
104,Evy Vogel,2968 Foggy Cove Smithfield ME 04013,4066188249,evogel2v@bigcartel.com,546.83,4
105,Noelle Jardin,2663 Gentle Pine Road Dryfork WV 25622,8313273222,njardin2w@usatoday.com,0,3
106,Bernard Kloss,1481 Indian Pioneer Route Freedom IL 60480,4869713339,bkloss2x@godaddy.com,408.96,2
107,Nissie Bumford,9561 Shady Rise Lansford SC 29320,6304396251,nbumford2y@wired.com,557.44,4
108,Fanni Cordero,5144 Sunny Willow Dale Winslow Hills OK 73084,1649631012,fcordero2z@joomla.org,581.50,3
109,Sonnie Callander,5847 Crystal Dale Bay Hurleyville NJ 08445,4755136316,scallander30@pinterest.com,515.72,1
110,Honey Vossing,5068 Tawny Panda Corners Thalia Gardens NM 88358,3976541355,hvossing31@kickstarter.com,0,3
111,Della Bevens,3220 Golden Range Hope NJ 08390,5005475690,dbevens32@printfriendly.com,319.22,6
112,Nobe Casin,7213 Red Crossing Moundville OH 43589,5396115915,ncasin33@wordpress.org,683.04,2
113,Elinore Pickthorn,9909 Pleasant Mountain Henderson CT 06377,9349482746,epickthorn34@themeforest.net,364.98,5
114,Perice Lammertz,7864 Honey Lookout Hubbell PA 18914,2444469553,plammertz35@google.es,496.72,4
115,Shari Olivella,4700 Lost Trace Parkview WY 83175,7853208236,solivella36@engadget.com,994.18,1
116,Leighton Bladder,259 Cozy Elk Row Kinard UT 84134,3887315263,lbladder37@edublogs.org,369.71,6
117,Humphrey Waumsley,6610 Little Brook Arbor Mauldin WA 98135,3279650545,hwaumsley38@europa.eu,0,5
118,Sanders Tawn,2077 High Forest Hunt Valley HI 96760,1546227001,stawn39@parallels.com,1454.90,2
119,Rosaline Patek,5536 Misty Hickory Promenade Panola LA 70598,8338870664,rpatek3a@jugem.jp,288.74,2
120,Teena Sealeaf,8678 Burning Pines Naquin SC 29026,1569896261,tsealeaf3b@google.de,0,5
121,Terza Jossum,8249 Middle Farms Maple Point MO 64635,4291387128,tjossum3c@wiley.com,778.90,1
122,Bogart McKimm,7466 Round Sky Acres Horton NV 88991,9862415851,bmckimm3d@samsung.com,1305.12,1
123,Emylee Kaman,8516 Easy Spring Heights Camm KS 66309,9187203732,ekaman3e@bbb.org,674.29,2
124,Elliott Kendrick,3709 Heather Turnabout Hallers Corners NJ 07314,4745638957,ekendrick3f@sciencedaily.com,700.54,6
125,Nelson McLaverty,3042 Rocky Link Tip Top KY 42345,3011315143,nmclaverty3g@cmu.edu,306.40,3
126,Constantia Redwall,7642 Merry Embers Court Felton Heights MD 20724,7363019000,credwall3h@oakley.com,1173.65,1
127,Batsheva Goldhill,4139 Rustic Branch End Middlebourne NJ 08671,5557613940,bgoldhill3i@live.com,852.11,1
128,Susana Fairbridge,1662 Thunder Beacon Gate Wolf Creek Acres TN 38396,8149052593,sfairbridge3j@about.me,714.00,2
129,Honor Burgyn,6384 Fallen Inlet Callaway PA 15650,5573560888,hburgyn3k@discuz.net,487.02,6
130,Abran Kenen,209 Silent Leaf Limits Garden Grove MI 49111,4617194958,akenen3l@harvard.edu,306.10,4
131,Margot Peak,3257 Blue Horse Landing Laurel Mills NV 89675,6235502436,mpeak3m@yellowpages.com,988.01,3
132,Archer Appleford,360 Stony Oak Lane Hillsdale Heights NV 89137,1268234208,aappleford3n@vkontakte.ru,389.91,2
133,Marybeth Lintin,5685 Noble Apple Harbour Wallace IN 47692,8312339612,mlintin3o@mlb.com,371.93,2
134,Ashby Wey,7034 Green Lagoon Corner Freeman CT 06591,1811328231,awey3p@auda.org.au,441.12,6
135,Noelyn Rolston,7481 Wishing Via Helmet VT 05621,3232821046,nrolston3q@redcross.org,0,5
136,Tillie Traske,9420 Hazy Wood Trichell AK 99876,2954486956,ttraske3r@jimdo.com,1151.09,2
137,Carmella Rouch,5872 Umber Rabbit Subdivision Weston SD 57009,7044369846,crouch3s@sonet.ne.jp,1008.82,1
138,Cordell Hayfield,3542 Amber Square Coytesville NM 87245,7589748245,chayfield3t@com.com,770.55,3
139,Una Kingwell,9497 Grand Pony View Cactus Gale V WV 25821,4134971690,ukingwell3u@virginia.edu,372.52,4
140,Matti Bromet,8752 Bright Expressway Copper Cove Subdivision PA 19090,8504726432,mbromet3v@printfriendly.com,146.03,6
141,Elva Grigorey,6027 Velvet Knoll Williams Center CO 80156,9701691201,egrigorey3w@psu.edu,351.62,6
142,Tasia Cogdon,8802 Quaking Run Wyeville OK 73028,1217586605,tcogdon3x@fotki.com,342.70,6
143,Danna Kingsworth,1250 Dusty Blossom Mall  North Sherman Way NE 69929,4118178349,dkingsworth3y@desdev.cn,1163.85,4
144,Lonnie Oager,4214 Emerald Forest Campus Crowells Crossroads IN 46414,1192369966,loager3z@bloglines.com,891.26,2
145,Tiler Schellig,9988 Clear Lake Private Hambleton PA 17518,4383933122,tschellig40@overblog.com,151.41,6
146,Romeo Lackemann,8717 Lazy Anchor Dell The Hills Of Skyline OH 43693,3738971526,rlackemann41@blogs.com,365.26,4
147,Pauly Bubbear,4889 Cotton Zephyr Beach Highland Springs ID 83801,2295131966,pbubbear42@nyu.edu,382.78,5
148,Eleni Swires,3112 Old Freeway Bowdoin MT 59660,2228301711,eswires43@apple.com,1309.99,4
149,Michele Kitchaside,1514 Jagged Highway Quapaw OK 73181,1464283925,mkitchaside44@java.com,367.34,3
150,Darbie Ronchka,1795 Colonial Circuit Chesterfield NC 28465,4193785332,dronchka45@topsy.com,657.92,4
151,Colan Bosden,5870 Blue Island Orange Grove NV 89322,3154826260,cbosden46@blinklist.com,0,6
152,Indira Parmenter,5284 Misty Anchor Valley Barro NV 89287,7325462827,iparmenter47@yellowpages.com,1636.77,3
153,Carleen Gilcrist,8747 Tawny Bear Trail Bemberg OK 73202,1383978546,cgilcrist48@taobao.com,0,6
154,Jemimah Davley,9392 Lost Row Taylor AK 99842,1801263238,jdavley49@prlog.org,262.57,2
155,Leta Toft,8067 Bright Pathway Gibsonburg CA 92444,6692282428,ltoft4a@joomla.org,0,5
156,Barnabas Aylmer,5356 Dewy Glade Honey Creek VA 23118,6687957080,baylmer4b@aol.com,0,4
157,Bethanne Wand,3897 Silent Park Milton RI 02981,7963421667,bwand4c@yellowpages.com,1093.76,3
158,Marinna Oulett,4408 Grand Fox Avenue Ambridge NE 69523,4505659855,moulett4d@tinyurl.com,0,4
159,Burty Shadfourth,2700 Hazy Cove Syner IL 60672,2016186651,bshadfourth4e@mozilla.org,776.67,1
160,Lanette Gourley,9123 Lazy Heights Vineyard NJ 08910,3738032348,lgourley4f@hibu.com,377.55,6
161,Dacy Lusty,2008 Honey Autoroute Firestone Park OK 74528,4475600245,dlusty4g@slate.com,1659.28,4
162,Joel Cromblehome,1584 Indian Port Foley Springs AL 35867,6893769809,jcromblehome4h@washingtonpost.com,719.91,6
163,Elyssa Rennie,5705 High Pioneer Knoll Jester AL 36386,2148395787,erennie4i@gizmodo.com,1297.92,6
164,Jocelin Carbonell,3209 Burning Branch Plaza Oakridge CT 06262,8216223911,jcarbonell4j@netscape.com,0,1
165,Benedetto Arondel,9008 Cozy Beacon Way Northfield ND 58612,2369522143,barondel4k@opera.com,213.52,1
166,Antonin Capron,2252 Broad Hickory Vista Finley Crossing GA 39970,6114675612,acapron4l@miibeian.gov.cn,653.92,5
167,Morgana Dudhill,6017 Little Abbey Lakebay NJ 08962,3814499018,mdudhill4m@flickr.com,1537.82,6
168,Phylys Cornthwaite,7901 Fallen Arbor Hillcrest Estates MN 56262,9926056532,pcornthwaite4n@phpbb.com,1163.99,3
169,Noell Pullen,8182 Round Deer Highlands Coral Estates GA 39944,6666406769,npullen4o@free.fr,1281.99,5
170,Chip Catterick,7525 Harvest Apple Round Ady GA 39846,1854464883,ccatterick4p@vkontakte.ru,1443.00,5
171,Ellis Gorton,5819 Stony Barn Centre Raines Corner NH 03756,2489265999,egorton4q@va.gov,598.66,3
172,Antonie Presley,3159 Emerald Lookout Parker MO 65334,7628129199,apresley4r@zimbio.com,683.59,2
173,Filberto Dinsey,2189 Iron Front Coxey ME 04798,3473046819,fdinsey4s@ustream.tv,599.22,2
174,Dallis Orritt,6751 Merry Butterfly Walk Longbeach NE 68905,7526635391,dorritt4t@nymag.com,245.66,2
175,Flint Cornau,4104 Red Willow Woods Mint Grove KY 40387,8226745005,fcornau4u@cbslocal.com,0,6
176,Farrah Salvador,4 Sunny Carrefour Union Mills DE 19720,6149962987,fsalvador4v@elegantthemes.com,1348.00,3
177,Raynard Reichelt,6445 Gentle Path Danks NY 10189,3637443247,rreichelt4w@businesswire.com,251.94,6
178,Annelise Tyreman,701 Sleepy Edge Timberchase ME 04268,8377140289,atyreman4x@gmpg.org,1437.08,3
179,Nertie Skentelbury,7854 Jagged Circuit Ballwin ID 83754,1271544607,nskentelbury4y@cbslocal.com,0,5
180,Connie Bessom,1182 Foggy Creek Hill Fraziers Crossroads WA 99105,1489327473,cbessom4z@angelfire.com,702.35,2
181,Uri Balcombe,4574 Pleasant View Heath Alder Springs GA 39880,7672220394,ubalcombe50@google.com.au,1236.12,1
182,Jewell Billyeald,1742 Colonial Manor Garden Grove UT 84745,5256424883,jbillyeald51@sogou.com,778.88,3
183,Lucinda Flisher,971 Rustic Lake Vale Eastline NV 89397,6149923214,lflisher52@i2i.jp,0,3
184,Kris Studholme,5355 Shady Chase Gateview DC 20043,9451806350,kstudholme53@networksolutions.com,316.29,1
185,Sammy Sinnie,6937 Cinder Berry Beach Ellsworth AL 36502,2811623027,ssinnie54@sakura.ne.jp,0,1
186,Ailyn Harower,5402 Green Pines Sprague DC 20033,2589429113,aharower55@lulu.com,701.26,1
187,Modestine Cowthart,5761 Crystal Expressway Ellsinore MO 65544,6765761101,mcowthart56@nbcnews.com,0,3
188,Roobbie MacIllrick,2473 Noble Alley Dezera HI 96770,8609918674,rmacillrick57@hp.com,1266.77,6
189,Olag Dominiak,6127 Hidden Fawn Thicket Dollar SC 29636,8163420606,odominiak58@themeforest.net,1577.88,3
190,Luce Itzkovitch,2838 Heather Oak Passage Bucktown IN 46009,3273877132,litzkovitch59@vistaprint.com,0,2
191,Vachel Jeafferson,5099 Wishing Mountain Harbour Kioto UT 84019,5143356135,vjeafferson5a@un.org,963.52,3
192,Angel Ciccoloi,6342 Dusty Mount North Easton WV 25084,5387626119,aciccoloi5b@slideshare.net,0,3
193,Glynda McParlin,4428 Amber Rabbit Nook Jewells Corner NJ 07336,3695241025,gmcparlin5c@twitpic.com,1232.25,2
194,Rip Swyer,3694 Golden Zephyr Turnabout Riddle UT 84045,1171434308,rswyer5d@sun.com,664.36,2
195,Earle Wiszniewski,952 Rocky Pony Crescent Hy 10 Landing MO 63721,5095204743,ewiszniewski5e@globo.com,853.74,3
196,Artie Sankey,9145 Quiet Loop Cheneyville RI 02831,8659813233,asankey5f@noaa.gov,820.89,6
197,Kristina Murrish,8309 Umber Blossom Private Edgar OH 44151,4755782634,kmurrish5g@ezinearticles.com,298.81,6
198,Vitoria Milsom,6116 Clear Sky Range Ezzell NV 89304,1145337597,vmilsom5h@merriamwebster.com,0,4
199,Donnie Summerside,531 Easy Leaf Point Goshen KY 41779,8751664397,dsummerside5i@telegraph.co.uk,0,4
200,Evangeline Winterbottom,8431 Quaking Treasure Campus Bluff MI 49645,8411520712,ewinterbottom5j@ca.gov,0,4
201,Binnie Curman,9917 Little Subdivision New Preston OR 97564,9155237810,bcurman5k@berkeley.edu,765.54,2
202,Krisha Laban,3945 Cinder Spring Nook Oil Station OH 43646,2915416333,klaban5l@pen.io,423.70,2
203,Caty Loxley,1156 Lazy Panda Heights Little Town IN 47439,7922916679,cloxley5m@thetimes.co.uk,466.42,5
204,Dotty Deeley,1910 Rocky Loop Old Mines OR 97641,6944789083,ddeeley5n@freewebs.com,355.98,3
205,Gibby Visick,5730 Fallen Island Vale Hickory Hills CA 90450,5214146936,gvisick5o@hatena.ne.jp,389.21,2
206,Raleigh Airs,9631 Green Forest Deale Beach MA 02141,3878205639,rairs5p@indiegogo.com,2195.99,2
207,Bryan Breslane,6909 Dewy Fox Vista Peerless Park IL 62722,4756898430,bbreslane5q@barnesandnoble.com,598.99,2
208,Si Jacqueminot,9749 Jagged Way Laney HI 96766,2171357692,sjacqueminot5r@amazonaws.com,650.59,1
209,Hogan Trigwell,5503 Honey Leaf End Peora WY 82099,4336767628,htrigwell5s@rakuten.co.jp,317.50,4
210,Roldan Busswell,6511 Blue View Riverside Colony IL 61845,8306196961,rbusswell5t@senate.gov,826.81,4
211,Jimmy Dumphry,5859 Sunny Robin Abbey Sayreville Station MT 59326,6036625807,jdumphry5u@nps.gov,1930.87,1
212,Perren Tollfree,4119 Noble Autumn Terrace Harborview MN 55065,4677618373,ptollfree5v@cam.ac.uk,306.53,1
213,Ennis Ladyman,8345 Hidden Timber Arbor Bismarck KY 41948,8679172850,eladyman5w@nyu.edu,595.46,4
214,Rosana Vernay,2835 Dusty Landing Verona Park FL 33042,8343838091,rvernay5x@tamu.edu,599.17,2
215,Randi Gent,8603 Stony Cider Glade Alamo IN 47882,5818989911,rgent5y@indiatimes.com,891.42,5
216,Gail Stamper,3516 Silver Acres Stokes OR 97030,4957208524,gstamper5z@acquirethisname.com,586.81,1
217,Bibby Jantel,7860 Tawny Willow Townline Bonnie AK 99714,9475884326,bjantel60@constantcontact.com,247.36,2
218,Audra Libby,4990 Cozy Deer Range Wilimot Manor IN 46440,3592670534,alibby61@jugem.jp,483.87,6
219,Teresa Kubelka,6526 Broad Log Glen Pratt WA 98476,4925093529,tkubelka62@live.com,0,3
220,Melicent Koop,1975 Emerald View Run Moran Corner WA 99288,5674378850,mkoop63@drupal.org,397.49,3
221,Darleen Burdell,6586 Middle Shadow Woods Enterprise NC 27015,7028948374,dburdell64@salon.com,0,6
222,Iver McPhillips,3773 High Rabbit Byway Belle Plaine AK 99655,9591163551,imcphillips65@netvibes.com,670.14,1
223,Lewes Rodger,2480 Quaking Swale Arab KS 67508,9147192703,lrodger66@is.gd,939.68,4
224,Loutitia Van Velden,4426 Silent Avenue Elk Forest SC 29541,2866521475,lvan67@tonline.de,0,1
225,Whitney McEniry,4563 Hazy Pointe De Soto GA 39994,3151010804,wmceniry68@hatena.ne.jp,1215.85,2
226,Izak Thurling,1709 Rustic Pond Harbour Caperton UT 84889,5215464910,ithurling69@fotki.com,1080.45,1
227,Warde Olijve,4376 Cotton Pioneer Via White Oak Estates NJ 07147,2541417119,wolijve6a@wikipedia.org,662.82,4
228,Archibold Mullins,4488 Iron Hollow Sylvania Heights VA 24620,1334176742,amullins6b@t.co,755.56,5
229,Calv Sheldrick,5440 Golden Estates Fort Edward MT 59302,5396741267,csheldrick6c@europa.eu,174.11,1
230,Mandi Seymark,4030 Old Lagoon Falls Caldwell SD 57845,2496481093,mseymark6d@people.com.cn,457.92,4
231,Mylo Revans,8997 Bright Route Dearmont Chase FL 33832,2166667500,mrevans6e@who.int,1753.15,5
232,Hoyt Probet,2565 Red Berry Quay North Beach AR 72179,8552146290,hprobet6f@zimbio.com,1048.35,5
233,Barney Killich,5006 Velvet Lane Mountain View WV 24705,1954122450,bkillich6g@yellowbook.com,594.88,2
234,Shelby Dummer,5874 Foggy Key Whispering Pines DE 19954,3286822514,sdummer6h@oaic.gov.au,1023.44,6
235,Nan Dakers,4454 Thunder Pony Pike La Vernia NE 69256,1335180487,ndakers6i@microsoft.com,595.54,2
236,Tess Vallow,3789 Umber Dale Bay Forks Church WA 98958,7108571771,tvallow6j@blinklist.com,1623.29,1
237,Sim Browell,9454 Round Campus Mount Holly KS 67469,7184508207,sbrowell6k@aboutads.info,746.06,3
238,Evania Rosenberger,4534 Harvest Moor Livia NE 68279,1089196766,erosenberger6l@ebay.co.uk,227.70,6
239,Kristopher Ivanusyev,1084 Colonial Ridge Artas AZ 86651,9441329716,kivanusyev6m@statcounter.com,266.37,2
240,Warner Gaydon,9918 Clear Treasure Orchard Meece OK 73664,4176469671,wgaydon6n@gmpg.org,847.42,1
241,Keeley Chillingworth,9896 Crystal Nectar Village Wildasin RI 02952,2345133160,kchillingworth6o@fc2.com,0,2
242,Juanita Enright,6068 Amber Beacon Green Stanberry NY 14484,4738807348,jenright6p@ca.gov,734.49,2
243,Ricki Duckwith,7454 Burning Corner Brush Creek NE 69092,1229874350,rduckwith6q@guardian.co.uk,478.52,2
244,Gaelan Kimmerling,6993 Lost Brook Impasse Telocaset HI 96763,7757148069,gkimmerling6r@forbes.com,723.18,4
245,Milli Kelston,7879 Easy Quail Mount Winter Springs MS 39363,7112426791,mkelston6s@360.cn,754.45,3
246,Carita Fane,6938 Indian Hickory Close Fox Chase MI 49875,2282645593,cfane6t@nature.com,1050.79,5
247,Buffy Gladdis,8569 Wishing Wharf Hooker NH 03108,6926177474,bgladdis6u@zimbio.com,410.46,1
248,Emmalynn Dryden,3735 Misty Square Stella ND 58059,8957826779,edryden6v@unicef.org,560.62,6
249,Gill Cartwright,7057 Gentle Mountain Grove Grovania DE 19952,2495895013,gcartwright6w@mac.com,214.33,5
250,Kane Cole,5108 Heather Cove William Penn FL 33083,6413551323,kcole6x@ucsd.edu,634.26,3
251,Lucky Aloshechkin,302 Dewy Zephyr Diversion Oaks Corners SD 57607,9848493243,laloshechkin6y@360.cn,257.77,6
252,Shena Gylle,8315 Shady Pines Welborn DC 20080,5095978874,sgylle6z@livejournal.com,0,3
253,Karim Temporal,1462 Stony Apple Green Wilmot AL 35084,1755544045,ktemporal70@tiny.cc,0,2
254,Patrick McGiffin,3764 Amber Heath Fountain Inn MI 49232,2238628561,pmcgiffin71@jigsy.com,1510.54,3
255,Myranda Costelow,3656 Wishing Log Isle Cimmaron NJ 08589,1709058237,mcostelow72@ifeng.com,636.31,6
256,Pen Kuhnt,9128 Cinder Willow Pike Sycamore WI 54270,1383091975,pkuhnt73@hatena.ne.jp,476.48,3
257,Tibold Prier,8105 Clear Bay Carr MD 20862,1798976384,tprier74@harvard.edu,1235.31,5
258,Sadie Searl,1602 Burning Extension Burton MD 20809,3139263130,ssearl75@4shared.com,426.40,5
259,Ivette Pratchett,5362 Cozy Farm Holley Crossroads NV 89500,4341113172,ipratchett76@rediff.com,719.33,1
260,Jacinta Este,8981 Broad Wynd Dexter NV 89675,9685664530,jeste77@xrea.com,684.64,3
261,Adriena Roswarn,7933 Merry Cloud Subdivision Store Village WV 25419,9822732043,aroswarn78@jiathis.com,835.65,6
262,Gordon Wotherspoon,7794 Rocky Dale Kepples Corners WV 26626,6971514051,gwotherspoon79@spiegel.de,411.96,4
263,Zachariah Dashkov,9941 Hidden View Alley Greenhills AK 99878,4927771949,zdashkov7a@technorati.com,803.22,5
264,Nicolis McMorran,1704 High Quail Corner Salt Rock NH 03503,3452506766,nmcmorran7b@mediafire.com,163.54,3
265,Arleen Eatock,8632 Red Freeway Crowley DC 20059,5847486899,aeatock7c@vistaprint.com,598.42,6
266,Marietta Grahl,3003 Bright Circle Springport DC 20033,9061986444,mgrahl7d@wiley.com,363.18,2
267,Rudolfo Asson,5774 Colonial Harbour Dorchester KS 67308,4275537907,rasson7e@nba.com,0,4
268,Rosa Baldacchino,2862 Sunny Spring Court Millstadt OR 97755,5269502360,rbaldacchino7f@dropbox.com,644.08,5
269,Maxie Benoi,9971 Indian Mountain Cape Nicholas Manor DE 19702,5618942292,mbenoi7g@ustream.tv,873.80,2
270,Leela Rhule,1395 Easy Rabbit Close Washington Park IL 60278,2874784002,lrhule7h@cnn.com,185.28,1
271,Lothario Flear,2910 Green Point Starbuck NY 13785,8666727431,lflear7i@bravesites.com,754.09,4
272,Cecilla Hackett,2056 Heather Berry Passage Cameta AR 71841,5199116314,chackett7j@oakley.com,590.39,3
273,Gwenore Caesmans,8922 Cotton Rise Wharf Ellendale OK 73211,6664829785,gcaesmans7k@live.com,606.17,5
274,Baryram Shipton,5918 Dusty Gate Hollow Blennerhassett Heights DC 20052,3499793632,bshipton7l@sun.com,522.96,5
275,Fredia Doyley,5174 Grand Grove Place Savoy IA 50754,7223806560,fdoyley7m@barnesandnoble.com,975.14,5
276,Augusto Claworth,7641 Jagged Arbor Olinger CA 90176,9698414848,aclaworth7n@disqus.com,598.89,6
277,Christoph Rump,6143 Crystal Brook Villas Riverview Landing MI 49814,5138654664,crump7o@arizona.edu,0,5
278,Rourke Gravener,8076 Foggy Creek Ramp Grubbe MI 48153,4207584559,rgravener7p@mtv.com,1308.25,2
279,Noella Wringe,496 Blue Estates Middle Fork CA 94217,3395754211,nwringe7q@shareasale.com,0,2
280,Bonny Birdis,3950 Round Promenade East Natick NY 12806,8557217551,bbirdis7r@princeton.edu,904.00,5
281,Nita Winslet,9520 Noble Towers North Ogden ND 58460,6472440233,nwinslet7s@nifty.com,817.44,5
282,Morrie DUgo,8062 Emerald Bluff Pointe Sidney CA 92308,3204821621,mdugo7t@salon.com,392.90,4
283,Ragnar Meritt,8270 Harvest Centre Cahaba River Estates WY 83013,4608019813,rmeritt7u@typepad.com,1154.71,2
284,Andy Thorwarth,2531 Velvet Forest Path Cloverdale DC 20071,2708089420,athorwarth7v@apache.org,0,6
285,Benjie Saffon,7550 Umber Bend Rabbs Prairie MT 59433,2519393885,bsaffon7w@dailymotion.com,883.14,2
286,Perceval Matusson,1869 Sleepy Treasure Key Birdsong Heights TX 78428,5375113830,pmatusson7x@acquirethisname.com,199.09,5
287,Tybi Iacovone,4448 Hazy Maze Saylor TX 75812,5524620152,tiacovone7y@ucoz.com,0,6
288,Kylen Breslin,1476 Fallen Orchard New Berlin IN 47104,8311671876,kbreslin7z@blog.com,1017.07,5
289,Natale Stiles,7581 Gentle Via Clevewood CT 06115,8284312604,nstiles80@i2i.jp,1425.15,2
290,Shellysheldon Iacovolo,7655 Honey Field Leland LA 71233,6509404284,siacovolo81@hatena.ne.jp,641.69,2
291,Joana Downing,2293 Golden Lake Range Pleasant Grove AZ 85732,6313623540,jdowning82@github.io,121.51,3
292,Barton Urey,5863 Lazy Nectar Quay Point Lakeview NC 27222,7305731731,burey83@blinklist.com,667.04,4
293,Geneva Khomich,733 Silver Inlet Acton NY 13467,4491834455,gkhomich84@google.de,683.56,4
294,Price Favela,4520 Rustic Oak Concession Torrance MT 59453,1569362084,pfavela85@tripadvisor.com,920.17,5
295,Ivar Shiels,3719 Middle Island Crescent Dobbins Corner KY 42192,9565289937,ishiels86@dailymail.co.uk,0,6
296,Nisse Hathway,358 Tawny Robin Carrefour Lockridge FL 34434,4961339561,nhathway87@domainmarket.com,575.34,6
297,Halsey Parysowna,5422 Thunder Pony Jetty Osteen SC 29026,5502277645,hparysowna88@about.me,718.30,5
298,Babbette Ianni,8534 Quiet Bear Walk Country Place WA 98403,8076900408,bianni89@desdev.cn,1047.11,3
299,Amberly Elcock,9344 Lost Anchor Crossing Weldon OK 73531,4305540336,aelcock8a@ifeng.com,686.34,5
300,Ramsey Eakly,1935 Old Horse Highlands Coalburg NY 14397,2785782510,reakly8b@dell.com,348.59,4
301,Ambrosio Lowey,8694 Shady Common Lovelace RI 02920,3256472250,alowey8c@uol.com.br,1598.27,6
302,Emmit Camilleri,9791 Jagged Front Holcomb OR 97235,1071896141,ecamilleri8d@mapquest.com,817.03,5
303,Maryann MacEveley,4818 Old Bend South Drexel ID 83706,5819027302,mmaceveley8e@wikipedia.org,1558.81,5
304,Ciro Cejka,9836 Sleepy Pine Canyon Hilltop WI 54832,4908326986,ccejka8f@whitehouse.gov,359.10,6
305,Theresita Heintze,393 Amber Prairie Green Port Nikiski FL 34709,5392815361,theintze8g@netlog.com,490.50,2
306,Rip Archer,2900 Quiet Barn Chase King Ferry NC 28326,1799546047,rarcher8h@biblegateway.com,1180.16,6
307,Nicolina Brennan,7261 Pleasant Dale Extension Sugden AR 71959,7238687592,nbrennan8i@macromedia.com,655.78,5
308,Flin Langworthy,6687 Crystal Grounds Mystic GA 39809,1061962424,flangworthy8j@mozilla.org,753.57,1
309,Branden Jubb,2417 Rustic Key Cameron Valley DE 19929,1998420686,bjubb8k@nature.com,201.25,4
310,Efren Husk,9205 Umber Orchard Fertility IA 51993,9939393807,ehusk8l@tiny.cc,1433.97,4
311,Aurora Suggett,2655 Merry Vista Fredericksburg LA 70943,8734083062,asuggett8m@imageshack.us,176.14,6
312,Ephraim Fotheringham,9296 Misty Corners Palestine NJ 07089,2763253891,efotheringham8n@drupal.org,659.32,6
313,Bailie Ollerton,2022 Harvest Lake Maze Atwood OK 74885,1669716372,bollerton8o@theguardian.com,1742.04,6
314,Conway Cowup,416 Green Link Silver Hills SC 29022,3919614208,ccowup8p@admin.ch,494.03,3
315,Hilton Mackison,8178 Colonial Circle East Islip RI 02830,2905261598,hmackison8q@japanpost.jp,305.47,6
316,Cull Dymott,9638 Quaking Elk Expressway Lockett Crossing MO 63594,8724911545,cdymott8r@listmanage.com,273.26,5
317,Bo McCray,867 Tawny Horse Campus Farmers MD 21320,5158617052,bmccray8s@free.fr,264.27,3
318,Elwira Swalteridge,6574 Bright Cider Rise Match TN 37018,4178070092,eswalteridge8t@blinklist.com,934.06,2
319,Rodger Tate,4377 Broad Bear Pointe Woodfield ND 58877,3159742551,rtate8u@amazon.co.jp,623.68,1
320,Alvera Teulier,9968 Stony Lane Bragg ND 58031,3366994562,ateulier8v@wsj.com,558.86,5
321,Wallache MacAlaster,2878 Grand Quail Highway San Luis NH 03121,2208515766,wmacalaster8w@webeden.co.uk,572.44,4
322,Sigismond Galvin,3842 Dewy Row Matthews HI 96714,2403231589,sgalvin8x@si.edu,629.05,3
323,Doug Butterley,5690 Cinder Close Culloden IA 52309,8922756209,dbutterley8y@google.it,227.19,3
324,Thurstan Pettinger,9492 Lost Cove Canton ND 58650,1544428540,tpettinger8z@uol.com.br,1075.32,4
325,Giusto ONeal,9288 Dusty Nectar Swale Deas IA 50408,6247274438,goneal90@about.me,0,1
326,Alden Snary,73 Cozy Arbor Chabot Terrace MD 20819,4529181861,asnary91@nature.com,541.06,2
327,Che Baldoni,3047 Lazy Alley Meda NH 03039,3381363631,cbaldoni92@google.com.hk,347.04,4
328,Francene Dunniom,3716 Wishing Rise Vale Saint Peter TX 77289,2366659101,fdunniom93@webmd.com,266.37,6
329,Vinnie Boustead,2576 Emerald Glade Deer Run ND 58349,1826843423,vboustead94@vk.com,661.82,6
330,Shawna Awcoate,4465 Sunny Lookout Brooks Corner AZ 86540,8276549513,sawcoate95@indiatimes.com,259.01,6
331,Delia Guerri,9266 Fallen Falls Sandlick IA 50679,8999631098,dguerri96@utexas.edu,709.63,3
332,Mildred Stalman,7627 Hazy Trail Dupont LA 70807,4681621126,mstalman97@deviantart.com,637.28,5
333,Gaye Keeves,3535 Honey Shadow Hollow Sequoia National Park CO 80068,2623490079,gkeeves98@hud.gov,495.34,5
334,Pate Ottiwill,5818 Gentle Ramp Rowletts RI 02830,6396268214,pottiwill99@wp.com,410.85,1
335,Laurie Kennady,612 Iron Harbour Wabuska ME 04244,4668143326,lkennady9a@webnode.com,887.17,2
336,Shela Heardman,2681 Red Panda Abbey Rancho Valle MN 55070,8232422394,sheardman9b@senate.gov,291.82,1
337,Marena Basant,8654 Cotton Edge Strouds VA 22601,5334607471,mbasant9c@umich.edu,1593.93,5
338,Hasty Seamarke,3629 Indian Run Milan MO 65407,4063409967,hseamarke9d@twitpic.com,289.81,5
339,Corena Doblin,7050 Burning Circuit Roosevelt KS 67433,2916129224,cdoblin9e@linkedin.com,471.59,5
340,Susanna Treker,2452 Silver Autoroute Cottonwood VA 23173,4463779808,streker9f@wunderground.com,1310.28,5
341,Kermy Kilgallen,1821 High Villas North Marion NC 27431,1492484442,kkilgallen9g@google.de,899.06,1
342,Selena Gilhool,8282 Heather Fox Farms Stafford Place IA 50804,4131247652,sgilhool9h@tamu.edu,412.93,6
343,Duffie Clausius,1893 Blue Isle Floresta Estates MN 55980,3122133091,dclausius9i@amazon.co.jp,2166.16,1
344,Rodrick Napolitano,9934 Noble Leaf Beach White City WA 99069,6626060368,rnapolitano9j@jalbum.net,297.12,2
345,Retha Dowbiggin,6129 Rocky Wagon Walk Nay Aug LA 70017,2304885833,rdowbiggin9k@shareasale.com,913.08,4
346,Nat MacBean,5224 Silent Crossing La Lande WY 82467,1835636898,nmacbean9l@ifeng.com,215.86,3
347,Lilias Chafney,8504 Middle Spring Inlet Del Ridge MI 48457,6314590534,lchafney9m@columbia.edu,918.32,5
348,Valentine Scurman,5529 Velvet Branch Plaza Dodge City OH 43570,7136159405,vscurman9n@businesswire.com,549.73,3
349,Pascal Bartzen,7052 Golden Village Park Forest NV 89549,1416597591,pbartzen9o@addthis.com,1413.65,6
350,Lauryn Cappell,9950 Round Gate Drive Nicholson LA 70525,4206143446,lcappell9p@opera.com,749.53,1
351,Astrix Lethlay,6371 Merry Creek Mountain Rathbone OH 45020,1673802767,alethlay9q@whitehouse.gov,736.66,2
352,Roxana Jephcott,4086 Noble By,9795672785,rjephcott9r@dropbox.com,0,3
353,Wylma Lampe,6578 Velvet Gate Inlet Lake Delaware DC 20005,2833632548,wlampe9s@apache.org,257.04,4
354,Fritz Gateland,1880 Rocky Embers Pathway Argyle OK 74920,8395136050,fgateland9t@miibeian.gov.cn,0,1
355,Nolana Thurnham,3357 Quiet Fox Edge Ridgeville AR 72357,8179286358,nthurnham9u@jiathis.com,450.31,4
356,Cathrine Damiral,2848 Cozy Corner Lake Dunmore MS 39459,9221633473,cdamiral9v@clickbank.net,562.88,5
357,Tova Housego,3798 Lazy Acres Pinedell WA 98457,7819022512,thousego9w@who.int,265.66,3
358,Emile Neller,1240 Jagged Robin Loop Bridgepoint PA 17292,4289547198,eneller9x@ning.com,825.05,6
359,Moise Symcoxe,2257 Silent Estates Ritchie OR 97467,5666389536,msymcoxe9y@noaa.gov,0,3
360,Gabrielle Egginson,7568 Little Parade Spoonville DC 20011,2311510391,gegginson9z@blogger.com,265.36,2
361,Vinni Sibery,5675 Iron Private Vining NC 28285,1614946086,vsiberya0@pbs.org,754.94,1
362,Winny Dahler,8581 Umber Wharf Kosmos MI 49285,2258257793,wdahlera1@house.gov,650.86,5
363,Jaquith Teliga,3857 Cinder Park Oswayo HI 96847,7702473766,jteligaa2@un.org,718.92,5
364,Trudie Dettmar,4100 Broad Willow Townline Mount Carmel MI 48253,1454897640,tdettmara3@live.com,600.46,3
365,Alikee Coupman,9677 Bright Plaza Dogwood WY 82635,3269917598,acoupmana4@mtv.com,940.16,4
366,Elwira Tournay,8995 Thunder Prairie Route Brown Subdivision AR 72563,7736044445,etournaya5@nih.gov,379.51,4
367,Woodie Normanvill,5750 Rustic Cider Crescent Lorentz AK 99757,1957831855,wnormanvilla6@ezinearticles.com,0,6
368,Nelli Steel,5156 Colonial Village Ryderwood WV 24972,9294213346,nsteela7@usgs.gov,810.93,5
369,Dur Infante,3969 Lost Panda Trail Schoolview NV 89702,1076019261,dinfantea8@thetimes.co.uk,252.38,1
370,Trumann Kennermann,6747 Quaking Gardens Burlington CT 06057,3347615261,tkennermanna9@whitehouse.gov,1110.12,2
371,Jodi Restill,3898 Old Villas Marwood SC 29887,5368486398,jrestillaa@ucla.edu,741.64,6
372,Gabriell Gillespey,8049 Middle Log Street Silverton Pine Terrace NM 88147,6179023532,ggillespeyab@quantcast.com,277.02,1
373,Kendricks Smardon,8147 Burning Island Via Stuart OH 43267,5451460002,ksmardonac@networksolutions.com,0,1
374,Debera Lutwyche,8167 Hidden Beacon Mall  Dow WY 82311,2861565311,dlutwychead@sitemeter.com,1027.76,3
375,Maire Draude,8396 Heather Crest Mineral City VT 05341,5204185617,mdraudeae@hostgator.com,712.01,6
376,Danice Doumenc,7345 Crystal Forest Downs Twin Lake IN 47697,9806348451,ddoumencaf@com.com,751.44,1
377,Kellen Purvess,8889 Pleasant Thicket Wells SD 57171,2502033247,kpurvessag@shinystat.com,159.31,1
378,Jannel Rhymer,5050 Red Field Franklin LA 70844,9737463163,jrhymerah@t.co,727.01,4
379,Herbert Amaya,5282 Dusty Falls Millville KS 67719,1163971412,hamayaai@weibo.com,817.66,5
380,Lora Macartney,7834 Easy Pines Gary NV 89652,3818110808,lmacartneyaj@disqus.com,346.62,6
381,Manfred Oselton,7291 Indian Butterfly Woods Goodluck GA 39914,5034618353,moseltonak@vkontakte.ru,356.36,4
382,Jayson Pusey,1009 Stony Zephyr Round Bowlin Spring HI 96784,5131694692,jpuseyal@wunderground.com,1708.20,2
383,Welsh Goldberg,9911 Fallen Corners Disston HI 96709,3041612469,wgoldbergam@ibm.com,827.19,6
384,Tim Orton,5370 Shady Bear Range Bloodgood Place AL 36460,1682624137,tortonan@salon.com,1205.24,3
385,Craig Darnody,3202 Sleepy Bank Graton MI 48475,9966178361,cdarnodyao@edublogs.org,0,4
386,Stacey Ayton,1206 Misty Deer Mews Dewey Crossroads KY 42552,1581081574,saytonap@bigcartel.com,1580.04,1
387,Seward Code,1712 Blue Mountain Heights Fellowship WI 53244,9432412743,scodeaq@wikimedia.org,286.01,2
388,Bren Piatkow,4795 Foggy View Pike Union Mills NH 03432,1791011407,bpiatkowar@liveinternet.ru,613.62,4
389,Wendy Balls,8543 Green Harbour Alfalfa IN 47206,7337481879,wballsas@hc360.com,750.78,6
390,Sibylle Delany,262 Wishing Walk Post Creek NE 69002,4269925573,sdelanyat@infoseek.co.jp,468.58,4
391,Georgina Eleshenar,8698 Clear Cloud Extension Curry Hill MD 20648,7021845658,geleshenarau@auda.org.au,857.13,5
392,Isaak Andreaccio,1011 Silver Path Haleyville CA 92523,9632237563,iandreaccioav@wsj.com,0,4
393,Ruperto Gibby,3534 Gentle Barn Square Hoover Mill MI 49806,6331990886,rgibbyaw@go.com,600.01,1
394,Basile Sydenham,335 Honey River Canyon Clopton VA 22420,3154466226,bsydenhamax@newsvine.com,388.91,4
395,Arie Shearme,5212 High Lookout Kenwood ME 04143,6742970425,ashearmeay@mozilla.org,414.07,6
396,Rosemaria Maynell,3776 Golden Dell Gibbs Crossroads HI 96798,1576485294,rmaynellaz@huffingtonpost.com,315.72,6
397,Myrta Martinuzzi,4998 Grand Parkway Lake City UT 84651,5519064820,mmartinuzzib0@mozilla.org,557.64,5
398,Nat Marzella,5544 Round Highlands Pendleton KY 40912,4788644365,nmarzellab1@nps.gov,214.98,4
399,Sherrie Ives,950 Hazy Boulevard Coffeys Crossing SC 29052,3649961410,sivesb2@economist.com,516.82,6
400,Bryna Holliar,8790 Sunny Jetty Forest Beach IA 51326,6944843505,bholliarb3@addtoany.com,542.80,4
401,Wyn Circuitt,3976 Shady Circle Windham MO 65257,5159791074,wcircuittb4@wunderground.com,0,1
402,Merrielle Gorrissen,4796 Crystal Hollow Turkey Point CT 06863,1105341816,mgorrissenb5@auda.org.au,769.56,1
403,Kaylee Coniff,8562 Fallen Bear Rise Eastland NC 28675,9317356883,kconiffb6@prweb.com,583.25,5
404,Dottie Flockhart,6267 Iron Link Clarks Corner ME 04804,4026773615,dflockhartb7@comsenz.com,0,4
405,Jacinta MacKniely,3213 Hazy Pines Kern VT 05127,5129942029,jmacknielyb8@tripadvisor.com,0,6
406,Nadean Burges,1939 Emerald Beach Wyoming DE 19747,1357246102,nburgesb9@bandcamp.com,759.59,2
407,Deane Bloys,5828 Green Butterfly Arbor Fingal WV 26022,5806557720,dbloysba@paypal.com,216.63,4
408,Steve Braunds,8209 Sunny Rise Maze Nelma WA 98650,3782580299,sbraundsbb@bbb.org,395.30,6
409,Theda Mariner,2173 Sleepy Island Gobey MS 38862,2132079253,tmarinerbc@angelfire.com,712.91,3
410,Cathyleen Maryon,3787 Rustic Jetty Kempfield IL 62336,4867747423,cmaryonbd@arstechnica.com,2311.53,4
411,Star Wingrove,1705 Quaking Valley Gregory Forks MI 48359,8053329437,swingrovebe@hud.gov,2535.15,1
412,Florencia Shwalbe,6010 Harvest Creek Port Sun Prairie IL 61008,6413270491,fshwalbebf@china.com.cn,984.12,6
413,Willy Goforth,4863 Thunder Heights North Keys NM 87607,1891520457,wgoforthbg@va.gov,1268.95,6
414,Esmaria Yarnton,1834 Jagged Log Cove Deegans WI 54156,3666423732,eyarntonbh@flickr.com,328.90,4
415,Salmon Minall,1172 Merry Panda Canyon Big Moose WI 53496,1148433457,sminallbi@wufoo.com,0,2
416,Sapphire Zanettini,7409 Colonial Concession North Hills WV 26314,7767737882,szanettinibj@youtube.com,327.31,6
417,Cynthy Abramzon,1891 Cozy Deer Alley Cooper City KY 42726,6556428407,cabramzonbk@tiny.cc,0,1
418,Kenny MacTimpany,9852 Velvet Hickory Route Hainesville ME 04669,7781234449,kmactimpanybl@ifeng.com,0,6
419,Kessia Piddletown,6436 Easy Gardens Hays Mill KY 41923,3778687450,kpiddletownbm@google.com.br,1471.82,6
420,Poppy McAusland,1177 Broad Brook Estates Parson Farms SD 57773,4972460708,pmcauslandbn@gov.uk,501.72,4
421,Annaliese Winger,3228 Misty Ledge Moulton MA 02793,2876773964,awingerbo@sciencedaily.com,300.78,3
422,Alberta Vigours,9170 Cinder Lake Thicket Elberon VT 05905,1655613158,avigoursbp@google.fr,996.96,6
423,Pauli Crandon,2604 Gentle Freeway Twentythree IN 47741,6424414652,pcrandonbq@sakura.ne.jp,0,4
424,Felix Pamphilon,8550 Tawny Quay Honey Grove NE 68800,4433864201,fpamphilonbr@google.cn,1226.27,3
425,Travis Eydel,708 Middle Highway Bagleys Venture PA 16436,8864806921,teydelbs@g.co,223.66,3
426,Thorin Whitney,7333 Blue Leaf Landing North Andover NE 68560,3428794215,twhitneybt@ucsd.edu,893.39,6
427,Aloisia Burkart,723 Honey Forest Palo Cedro MI 48265,6198245927,aburkartbu@wikispaces.com,173.09,6
428,Dita Swyn,4695 Heather Centre Amenia Union IL 61579,5229970755,dswynbv@amazon.co.jp,1207.54,4
429,Ricki Doberer,5529 Round Row Park Hall MI 49587,1053519024,rdobererbw@moonfruit.com,462.26,3
430,Creigh Faragan,8791 Burning Bend Mapleton WV 25047,7784695580,cfaraganbx@weather.com,469.88,1
431,Reggis Goulthorp,9028 Silent Front Dorcheat NE 69538,7456859763,rgoulthorpby@earthlink.net,1232.59,1
432,Carmelia Yellowley,1850 Little Vista Moyers Grove FL 34543,6151567305,cyellowleybz@netscape.com,266.28,3
433,Sarah Bloodworth,8404 Bright Acres Sharpe MT 59059,7315396763,sbloodworthc0@nps.gov,492.62,2
434,Hervey Holborn,1373 Stony Cider Byway Dixon MD 20799,9556001801,hholbornc1@fc2.com,392.10,1
435,Milly Terrazzo,7821 Wishing Swale West King KY 42160,1101292358,mterrazzoc2@ning.com,1136.26,6
436,Annamarie Mapledoore,4490 Red Rabbit Close Knowles AZ 86534,6137593832,amapledoorec3@vimeo.com,1161.02,2
437,Jordon Trowsdall,5664 Amber Apple Glade North Linndale CT 06759,2107199416,jtrowsdallc4@forbes.com,468.58,1
438,Lara MacAdam,106 Grand Prairie Expressway Westpoint VT 05772,4449905163,lmacadamc5@nifty.com,1245.26,4
439,Claiborn Maggiori,1041 Cotton Pioneer Parade Whippoorwill Trailer Park PA 17572,9089313283,cmaggioric6@smh.com.au,485.42,1
440,Rory McVey,3044 Lazy By,4181236632,rmcveyc7@t.co,186.28,5
441,Ferne Dessaur,992 Dusty Farm Townley OH 43227,7727890105,fdessaurc8@spotify.com,1318.01,2
442,Drusie Gough,4161 Hidden Court Mont Alto AR 72860,1521115211,dgoughc9@behance.net,771.58,6
443,Walden Lowden,3720 Dewy Quail Townline Seattle MD 20927,1429599235,wlowdenca@hao123.com,871.21,5
444,Nedi McPaike,7299 Pleasant Nectar Parkway West Yanceyville NY 12382,2815912454,nmcpaikecb@sonet.ne.jp,193.17,6
445,Spence Coneybeare,5385 Clear Barn Meadow Centennial VT 05418,3386406176,sconeybearecc@washingtonpost.com,393.96,4
446,Shanda Tiley,5950 Lost Robin Bank Jaco IL 61535,2738824171,stileycd@tumblr.com,0,6
447,Desdemona Arboin,2290 Golden Pike Torbet SC 29691,7858022738,darboince@artisteer.com,594.70,3
448,Gregoor Eborn,5333 Umber Gate Lane Boyd IL 60316,3419758813,geborncf@weather.com,1255.54,1
449,Ann Reeveley,9501 Noble Carrefour Crystal Manor Condominium NY 14149,6402376091,areeveleycg@geocities.com,468.26,6
450,Jenifer MacDiarmond,5535 Old Common Kerryville OR 97534,2388230252,jmacdiarmondch@moonfruit.com,474.79,6
451,Ealasaid Addionisio,1402 Grand Barn Campus Scarlan Hill NC 27471,4412755731,eaddionisioci@fda.gov,0,1
452,Sabra Wanell,2420 Noble Leaf Mews Sweet Home AR 71876,3969452075,swanellcj@cargocollective.com,705.61,3
453,Berte Bleyman,1013 Sleepy Vista Belvedere Beach IN 47079,5127519113,bbleymanck@hhs.gov,510.54,6
454,Korie Blannin,2623 Green Embers Quay Codyville FL 32248,7682397668,kblannincl@bandcamp.com,1064.21,4
455,Francklyn Tanfield,5811 Honey Timber Acres Youngs Corners NC 28060,6822596458,ftanfieldcm@usa.gov,333.83,6
456,Alisha McVeighty,7898 Easy Rise Beach Donahue Beach KS 66138,1766119774,amcveightycn@youtube.com,1171.51,1
457,Bastien Hasker,7150 Velvet Treasure Road Bradford OR 97236,5593105454,bhaskerco@last.fm,710.74,6
458,Cole Geistbeck,8472 Crystal Rise Westphalia SC 29186,7639814380,cgeistbeckcp@princeton.edu,564.67,5
459,Cosme Probey,4162 Cozy Creek Bank Enville MT 59362,6724411203,cprobeycq@soundcloud.com,132.50,3
460,Ricky Bowerbank,631 Colonial Green Saint Helena WI 53832,9767387324,rbowerbankcr@cnbc.com,266.42,2
461,Romain Macer,1372 Quiet Berry Cape Country Club Gardens WA 98647,4108627974,rmacercs@odnoklassniki.ru,923.67,2
462,Read Jeffcoate,6740 Dewy Bluff Place Holiday Heights MI 48546,8808206690,rjeffcoatect@ning.com,781.28,5
463,Bil Waplinton,5255 Harvest Terrace Barton HI 96839,6744653646,bwaplintoncu@mediafire.com,465.90,2
464,Liesa Mingaye,9043 Old Key Balch CT 06092,9449852650,lmingayecv@mtv.com,0,6
465,Ysabel Stilly,5561 Rustic Meadow Tidal DC 20067,9055135606,ystillycw@ted.com,614.78,3
466,Sunny Lynock,571 Hidden Route Mantador HI 96805,1869579883,slynockcx@hugedomains.com,480.36,4
467,Patty Simionato,3534 Heather Centre Woodmont VA 23239,1818119517,psimionatocy@fc2.com,691.90,5
468,Othilia Addenbrooke,3208 Merry Field Zenith NM 87267,3736241330,oaddenbrookecz@slashdot.org,360.41,3
469,Sylas Alu,4129 Amber Fawn Estates Homestead TN 38444,9675314069,salud0@clickbank.net,0,1
470,Ranna Ca,7981 Clear Wood Valley Heights NJ 08518,5629425512,rcad1@wikia.com,782.55,1
471,Krispin Howsan,2239 Foggy Gate Abbey Glen Echo Park IL 62215,5005599497,khowsand2@dailymotion.com,183.14,5
472,Zonnya Breakspear,5777 Fallen Alley Bluefield KY 40300,2334969993,zbreakspeard3@topsy.com,159.29,4
473,Fawn Pearle,4085 Little View Run Congleton VA 24688,3516365577,fpearled4@constantcontact.com,308.17,2
474,Rorke Pulhoster,5389 Tawny Brook Avenue Oakland Terrace CO 81376,9381291064,rpulhosterd5@chicagotribune.com,725.56,6
475,Cathleen Kordes,124 Cotton Spring Isle Hoffmanville SD 57296,2151520233,ckordesd6@europa.eu,436.20,1
476,Lorenzo Roizin,4824 Silver Mountain Falls Uno LA 70549,5575389463,lroizind7@army.mil,345.58,6
477,Michell Headon,6241 Dusty Edge Verdun NC 27600,4078871183,mheadond8@imdb.com,1193.27,5
478,Esme Heugle,1774 Lazy Autumn Circuit Fallentimber ID 83983,4798325758,eheugled9@marriott.com,1307.39,5
479,Cole Brandsen,9541 Stony Lake Manor Bonnie Doone WY 82598,1769074212,cbrandsenda@macromedia.com,0,4
480,Stacie Frondt,4477 Indian Heath Pharisburg NM 87974,8126991818,sfrondtdb@myspace.com,976.95,5
481,Ira Bethel,3537 High Pine Bay Old Kingston WA 98550,7332401174,ibetheldc@studiopress.com,220.66,5
482,Joey Moxson,2065 Middle Beacon Moor Athens NH 03525,8219952987,jmoxsondd@pen.io,682.41,5
483,Katy Mazzeo,8038 Cinder Horse Mount Paragon NY 11640,8612349771,kmazzeode@miitbeian.gov.cn,571.17,6
484,Kincaid Crocken,1618 Broad Inlet Dayson IA 51746,6023281568,kcrockendf@wunderground.com,1435.45,4
485,Dall Housden,1103 Golden Canyon Stevenson KY 41758,6823023420,dhousdendg@dyndns.org,1001.87,6
486,Barde Friett,2108 Iron Corner Woodside DC 20054,7453175941,bfriettdh@engadget.com,1544.13,6
487,Reider Loosmore,5478 Wishing Goose Valley High Bank MS 39424,3738400296,rloosmoredi@dmoz.org,919.44,5
488,Wally Giorgi,2732 Jagged Dale Langport KS 67289,1011373121,wgiorgidj@berkeley.edu,994.80,2
489,Crystie Layborn,2134 Lost Wharf Thumpertown Beach MA 02439,8459441374,clayborndk@mozilla.com,1393.91,5
490,Matt Gilderoy,7809 Hazy Log Arbor Chesterfield Plaza CA 94823,6011510409,mgilderoydl@senate.gov,733.82,5
491,Lindsey DElia,4141 Round Sky Pathway Lost Creek MI 49803,6689260024,ldeliadm@edublogs.org,872.95,5
492,Annie Drohan,3752 Blue Heights Mahone AZ 86299,6432037220,adrohandn@reddit.com,1269.56,1
493,Lira Cardo,4198 Gentle Harbour Middletown MD 21181,1533181398,lcardodo@yandex.ru,0,6
494,Collete Shorie,1879 Bright Parkway South River CA 93970,4655757948,cshoriedp@homestead.com,0,5
495,Saunder Maron,6342 Sunny Trail Richville IN 46173,8534317589,smarondq@scientificamerican.com,560.42,2
496,Chance Matuszynski,8842 Silent Hills Freeway Knottsville CA 90034,3545708540,cmatuszynskidr@linkedin.com,875.20,3
497,Kenna Sibray,1404 Red Crossing Salt Rock CO 80905,2406969101,ksibrayds@soundcloud.com,308.18,4
498,Kassi McEachern,6950 Rocky Lagoon Knoll Albertson FL 34179,1776710938,kmceacherndt@dmoz.org,194.90,2
499,Chrissy Blagden,6178 Thunder Orchard Woodville AZ 85615,6659054971,cblagdendu@indiatimes.com,667.78,4
500,Flossi Joutapaitis,1610 Pleasant Apple Line Lamoille AL 36991,9009829865,fjoutapaitisdv@addtoany.com,362.22,6