Item_ID,Item_Name,Brand,Suppliers_ID,Unit_Price
1,"Lamb  Whole Head Off,nz",Gerhold Inc,2,13.38
2,"Chilli Paste, Ginger Garlic",O KeefeKautzer,3,0.31
3,Cheese  Wine,WillmsSmith,5,19.78
4,Food Colouring  Red,"Hettinger, Nader and Kemmer",1,19.80
5,Beans  Fine,BoyleLeannon,3,11.86
6,"Tea  Darjeeling, Azzura",Huels LLC,3,8.97
7,Squash  Acorn,Reynolds and Sons,2,2.45
8,Lobster  Cooked,"Gutmann, Christiansen and Corwin",5,15.46
9,Beer  Sleemans Cream Ale,"Romaguera, Lakin and Weber",2,2.33
10,Bread  Burger,AltenwerthOrtiz,2,7.78
11,Cup Translucent 9 Oz,Lehner Group,5,10.31
12,"Oil  Shortening,liqud, Fry",GleichnerMoen,4,8.64
13,Bread Base  Toscano,Schneider Inc,3,11.10
14,Lady Fingers,Armstrong and Sons,2,11.19
15,Cranberries  Frozen,PagacCole,2,1.97
16,Butter Balls Salted,"Raynor, Walter and Hayes",2,6.44
17,Dooleys Toffee,MosciskiKautzer,4,7.65
18,"Beef  Ox Tail, Frozen","Stracke, Hermiston and Zulauf",1,10.77
19,"Pasta  Lasagna, Dry",StoltenbergStamm,4,6.40
20,Cactus Pads,"Klein, Krajcik and Kihn",2,20.00
21,Wine  Montecillo Rioja Crianza,PagacKrajcik,6,9.52
22,Pepper Squash,"Fadel, Feest and Gleason",2,10.10
23,Beef  Ground Medium,Mosciski Inc,6,3.77
24,Broom Handle,CroninBrakus,5,17.13
25,Bamboo Shoots  Sliced,Schaefer Inc,5,7.00
26,Appetizer  Chicken Satay,ProhaskaVolkman,6,4.50
27,Muffin  Mix  Creme Brule 15l,FaheyReichert,5,0.50
28,"Lemonade  Kiwi, 591 Ml",BahringerSwift,6,13.14
29,Beans  Fine,"Frami, Lind and Dooley",6,9.98
30,"Fish  Halibut, Cold Smoked","Keebler, Schultz and Schroeder",2,2.76
31,Egg  Salad Premix,"Kovacek, O Hara and Romaguera",5,6.18
32,Greens Mustard,"Moore, Gaylord and Hilpert",5,10.99
33,Lotus Leaves,ConsidineFritsch,2,14.64
34,Cotton Wet Mop 16 Oz,SchultzKoch,6,1.55
35,Beef  Top Sirloin,"Mante, Doyle and Smith",2,4.84
36,Flounder  Fresh,Okuneva and Sons,4,10.65
37,Buffalo  Short Rib Fresh,"Reynolds, Kuvalis and O Hara",3,14.05
38,Scallops 60/80 Iqf,"Homenick, Cassin and Osinski",4,19.31
39,Pie Shell  5,"Borer, Runolfsdottir and Bailey",4,18.57
40,Soup  Verve  Chipotle Chicken,"Goodwin, Hodkiewicz and Strosin",5,5.54
41,Flower  Carnations,Hagenes Inc,2,1.02
42,Cheese  St. Andre,"Bogisich, Pagac and Krajcik",2,6.36
43,"Pasta  Tortellini, Fresh",AuerKris,4,12.94
44,Cheese  Gouda,JaskolskiMurazik,5,16.54
45,Table Cloth 62x120 White,Luettgen and Sons,2,10.29
46,"Tortillas  Flour, 8",FlatleyKing,2,11.37
47,Wine  Peller Estates Late,BoganGraham,6,3.16
48,Wine  Pinot Noir Mondavi Coastal,"Mills, Eichmann and Kuhic",5,5.40
49,Bar Mix  Lemon,AbshireCummerata,4,10.64
50,"Cake Circle, Paprus","McGlynn, Sporer and MacGyver",5,0.90
51,"Beans  Black Bean, Preserved","Lynch, Crona and Stokes",5,14.95
52,Pastry  Trippleberry Muffin  Mini,OlsonHeller,1,9.57
53,Beef Ground Medium,GleichnerAbernathy,6,11.15
54,Crackers  Graham,HahnBlick,3,6.65
55,Anchovy Paste  56 G Tube,SchroederHeathcote,5,17.86
56,Longos  Chicken Curried,Buckridge Group,2,16.58
57,Plaintain,"Williamson, Bradtke and Zieme",4,5.55
58,"Tart Shells  Sweet, 3",Daniel and Sons,1,1.96
59,Coffee  Hazelnut Cream,"Reichert, Swift and Hand",6,0.26
60,Salt And Pepper Mix  Black,BlockPadberg,4,2.33
61,Bay Leaf Fresh,MillsGreen,2,5.99
62,Ice Cream  Chocolate,Gleichner Inc,5,5.74
63,Filling  Mince Meat,Feeney LLC,5,8.30
64,Cookie  Dough Variety,"Von, Pouros and Metz",4,5.81
65,Creme De Cacao White,RippinPagac,6,10.58
66,Beef  Tenderloin,Wiegand LLC,5,5.34
67,Water  Green Tea Refresher,Beahan and Sons,6,12.79
68,"Carrots  Mini, Stem On",BashirianRitchie,2,4.57
69,"Chicken  Diced, Cooked","Marks, Lowe and Blanda",4,7.41
70,Icecream  Dstk Cml And Fdg,"Beier, Koch and Ondricka",4,6.80
71,Cheese  Roquefort Pappillon,"Harber, Considine and Ward",1,4.45
72,Wine  Beaujolais Villages,"Grady, Lind and Purdy",1,7.05
73,Hersey Shakes,Stoltenberg LLC,4,5.59
74,Bagel  Sesame Seed Presliced,SatterfieldD Amore,2,10.22
75,"Veal  Inside, Choice","Quitzon, Hermann and Aufderhar",6,9.71
76,Carbonated Water  Raspberry,KertzmannTurcotte,4,4.17
77,Shrimp  Black Tiger 13/15,VolkmanRowe,1,13.34
78,"Wine  White, Pelee Island","Collins, Nitzsche and Quigley",5,2.46
79,Vinegar  White,Becker Inc,5,15.90
80,"Mop Head  Cotton, 24 Oz",Huel Inc,2,10.71
81,"Lentils  Green, Dry",HayesKeebler,3,15.26
82,Nectarines,"Kris, Fadel and Koss",1,7.64
83,Shrimp  Black Tiger 26/30,Dicki LLC,5,10.80
84,Cups 10oz Trans,"Moen, Bartoletti and Doyle",1,8.11
85,Cheese  Pont Couvert,Kilback Inc,6,1.33
86,"Oregano  Dry, Rubbed",SchneiderGraham,1,2.95
87,"Crab  Back Fin Meat, Canned","Williamson, Zemlak and Hyatt",6,18.75
88,Pear  Packum,"Kirlin, Nikolaus and Yundt",5,10.39
89,"Mushrooms  Black, Dried",MayertVandervort,6,5.54
90,"Wine  White, Colubia Cresh",Kuphal LLC,3,13.53
91,Pork  Ground,LoweStoltenberg,2,13.32
92,Wine  Vidal Icewine Magnotta,Spinka Group,3,11.37
93,"Tomatoes  Plum, Canned",WizaStokes,4,10.68
94,Cranberry Foccacia,Huels Inc,4,1.24
95,Pork Ham Prager,HowellStoltenberg,2,3.52
96,Kippers  Smoked,EichmannWyman,5,3.46
97,Bar  Granola Trail Mix Fruit Nut,Mueller LLC,3,11.40
98,Cafe Royale,HammesHarris,6,7.81
99,Mangoes,"Lynch, Kuhic and Price",5,6.82
100,"Marjoram  Dried, Rubbed",Crist Group,4,2.86
101,Cheese  Gouda Smoked,Bernier Group,1,12.44
102,Cup  Translucent 7 Oz Clear,"Beahan, Ullrich and Doyle",2,9.07
103,Icecream  Dibs,Lynch Group,3,19.84
104,Blueberries  Frozen,"Kuhic, Hyatt and Haag",6,9.72
105,Chef Hat 20cm,"Sipes, Monahan and Steuber",3,14.62
106,Wine  White Cab Sauv.on,"Borer, Schultz and Greenholt",1,15.05
107,Nantucket Pine Orangebanana,Kulas Group,4,2.85
108,Icecream  Dstk Cml And Fdg,"Schamberger, Goyette and Wuckert",2,5.54
109,Truffle Shells  White Chocolate,"Konopelski, Koch and Mitchell",3,16.16
110,Momiji Oroshi Chili Sauce,CummingsHermann,1,14.21
111,Energy Drink  Redbull 355ml,KertzmannRodriguez,6,4.77
112,Flower  Potmums,"Sporer, Harris and Gerhold",4,5.06
113,Soup  Boston Clam Chowder,"Crooks, Hagenes and Heaney",5,2.68
114,Wine  Sawmill Creek Autumn,Jacobson and Sons,5,1.87
115,"Lemonade  Black Cherry, 591 Ml",BechtelarBauch,4,5.46
116,Wine  Port Late Bottled Vintage,KuhnSchulist,2,3.71
117,"Cheese  Cheddar, Medium","Pouros, Welch and Halvorson",2,5.16
118,Wheat  Soft Kernal Of Wheat,McGlynn Group,1,4.88
119,Crab Brie In Phyllo,JaskolskiTowne,2,3.53
120,Nut  Pumpkin Seeds,"Prohaska, O Hara and Dietrich",1,15.65
121,Beef Flat Iron Steak,TorpKiehn,5,15.29
122,"Brandy  Orange, Mc Guiness",TorpRau,2,2.72
123,Barley  Pearl,Bruen Inc,6,15.59
124,"Mushroom  Enoki, Fresh",Osinski and Sons,3,8.26
125,Strawberries  California,Willms and Sons,2,9.72
126,Sping Loaded Cup Dispenser,"Becker, Goodwin and Johnston",1,15.28
127,"Champagne  Brights, Dry",DachGerhold,3,16.59
128,Chevril,ChamplinPacocha,5,13.17
129,Nescafe  Frothy French Vanilla,Hegmann LLC,5,10.88
130,Cornflakes,DanielKutch,2,10.31
131,Clams  Bay,Blick Group,2,6.88
132,Lettuce  Red Leaf,"Frami, Beatty and Shields",2,4.61
133,Hipnotiq Liquor,Koch Group,3,4.93
134,Orange Roughy 6/8 Oz,"Bogisich, Douglas and Miller",2,12.11
135,Cookie Double Choco,HauckFadel,1,14.66
136,Wine  Montecillo Rioja Crianza,ZemlakHudson,4,12.59
137,Sherry  Dry,OrtizWintheiser,5,2.69
138,Wine  Cousino Macul Antiguas,PacochaReichert,3,1.26
139,Lamb  Whole Head Off,"Kuhic, O Connell and Considine",1,3.47
140,"Seedlings  Buckwheat, Organic","Mohr, Hand and Lockman",4,18.62
141,Calypso  Strawberry Lemonade,BeckerWillms,2,17.57
142,Bread  Mini Hamburger Bun,"Hayes, Reinger and Collins",5,19.18
143,Onions  Cippolini,RauPagac,4,16.25
144,Potatoes  Pei 10 Oz,"Zieme, Koelpin and Cummerata",6,0.36
145,Devonshire Cream,StiedemannRice,5,17.18
146,Tuna  Sushi Grade,Rosenbaum and Sons,6,7.95
147,"Fish  Base, Bouillion","Kiehn, Wilkinson and Rath",1,5.00
148,Plaintain,Cremin and Sons,6,12.03
149,Sage Derby,Zemlak Inc,3,0.11
150,Longos  Assorted Sandwich,LeannonSpinka,4,8.99
151,Monkfish Fresh  Skin Off,Schroeder Group,4,18.57
152,Sobe  Berry Energy,WildermanNicolas,5,19.04
153,Clams  Canned,Schinner LLC,4,13.87
154,"Pasta  Lasagna, Dry","Moen, Will and Harber",6,10.63
155,Honey  Lavender,Huel Group,2,8.74
156,Fib N9  Prague Powder,WizaMitchell,4,9.56
157,"Cheese  Brie, Cups 125g",RodriguezPurdy,5,10.34
158,Beets  Pickled,Quitzon Inc,4,11.10
159,Sauce  Mint,"Green, Gutmann and Hudson",2,7.35
160,"Cheese  Cheddar, Mild",StrosinHowe,1,5.53
161,Coffee Cup 8oz 5338cd,"Bogisich, Hodkiewicz and Bosco",6,9.63
162,Plaintain,BeierReichel,2,3.69
163,Lid  0090 Clear,RusselRenner,1,13.81
164,Goat  Whole Cut,"Ziemann, Satterfield and Crist",1,11.53
165,Pork Ham Prager,"Murphy, Okuneva and Connelly",4,17.35
166,Worcestershire Sauce,StantonStark,2,4.05
167,"Rum  Cream, Amarula",Botsford Inc,4,14.24
168,"Onions  Dried, Chopped","Reilly, Jacobs and Schmidt",2,0.49
169,Soup  Cream Of Potato / Leek,StrackeBartell,4,0.26
170,"Mop Head  Cotton, 24 Oz",GrantHirthe,1,14.52
171,Parsnip,"Ortiz, Harris and Jones",2,9.99
172,Veal  Liver,HackettSkiles,6,18.26
173,Ecolab  Solid Fusion,Sauer LLC,1,13.22
174,Flour  Strong Pizza,Rippin Inc,4,10.80
175,Pectin,"Bayer, Spencer and O Kon",4,13.52
176,Ecolab  Solid Fusion,"Corwin, Feeney and Cassin",4,7.04
177,Ham Black Forest,"Jones, Bailey and Klein",2,11.37
178,Temperature Recording Station,Nicolas Inc,3,15.18
179,Coffee Cup 8oz 5338cd,GerlachSchamberger,4,19.77
180,Brandy Apricot,KuhnKertzmann,3,15.16
181,Filling  Mince Meat,StrosinWeimann,3,2.11
182,Sugar  Splenda Sweetener,Dicki LLC,1,10.82
183,"Pineapple  Canned, Rings","Muller, Murazik and Schuppe",2,13.14
184,Chicken Breast Halal,SchoenSipes,2,19.93
185,Chicken  Tenderloin,"Quitzon, Windler and Mosciski",3,4.67
186,"Turkey  Breast, Bone  In",StromanMayer,4,0.75
187,Cleaner  Lime Away,Kirlin Inc,5,9.02
188,"Cheese  Cheddar, Old White","Gusikowski, Cartwright and Balistreri",2,3.52
189,Syrup  Pancake,"Dietrich, Gutmann and White",3,6.18
190,Curry Paste  Madras,QuitzonOlson,2,10.85
191,Garlic Powder,Runte and Sons,3,9.18
192,Sauce  Hollandaise,"Ward, Mohr and Feil",5,18.60
193,"Pasta  Fusili, Dry","Kunze, Cremin and Braun",4,12.23
194,"Veal  Brisket, Provimi,bnls",LindCrist,2,6.83
195,Nut  Macadamia,Wolff and Sons,1,19.01
196,Worcestershire Sauce,Romaguera Inc,5,7.98
197,Cognac  Courvaisier,MillsVon,4,18.48
198,Juice Peach Nectar,"Block, Schmidt and Tillman",3,19.76
199,Shiratamako  Rice Flour,CrooksProhaska,2,14.43
200,Beets,O Kon LLC,6,5.51